pre_process_speed, inference_speed, post_process_speed, man_down_speed, deep_sort_speed,CPU_utilization_rate, CPU_temperature, CPU_power_consumption, GPU_memory_used, GPU_utilization_rate, GPU_temperature, GPU_power_consumption
0.5049705505371094, 105.65805435180664, 6.634950637817383, 0.4520416259765625, 209.09905433654785, 13.7, 0, 0.0, 1503.5, 14, 30, 25.234
0.42176246643066406, 29.459714889526367, 2.123594284057617, 0.2989768981933594, 28.084278106689453, 19.6, 0, 0.0, 1503.5, 16, 30, 25.428
0.35381317138671875, 29.265403747558594, 1.8048286437988281, 0.2448558807373047, 27.26578712463379, 21.2, 0, 0.0, 1503.5, 16, 30, 26.01
0.42057037353515625, 29.249906539916992, 1.8153190612792969, 0.23221969604492188, 97.40304946899414, 20.0, 0, 0.0, 1503.5, 24, 30, 25.137
0.45800209045410156, 29.24180030822754, 1.8329620361328125, 0.23221969604492188, 26.183366775512695, 31.2, 0, 0.0, 1503.5, 18, 30, 26.398
0.4940032958984375, 29.23297882080078, 1.8000602722167969, 0.23937225341796875, 26.656150817871094, 32.3, 0, 0.0, 1503.5, 36, 30, 28.983
0.408172607421875, 29.340028762817383, 1.7998218536376953, 0.28634071350097656, 26.016950607299805, 30.3, 0, 0.0, 1503.5, 36, 30, 33.901
0.476837158203125, 29.236793518066406, 1.795053482055664, 0.24580955505371094, 25.8328914642334, 30.7, 0, 0.0, 1503.5, 35, 30, 41.157
0.38886070251464844, 29.230833053588867, 1.7893314361572266, 0.22745132446289062, 26.23915672302246, 30.7, 0, 0.0, 1503.5, 35, 30, 39.757
0.4010200500488281, 29.241323471069336, 1.8732547760009766, 0.22935867309570312, 26.130199432373047, 33.0, 0, 0.0, 1503.5, 33, 30, 33.398
0.5469322204589844, 29.2665958404541, 1.7859935760498047, 0.2636909484863281, 26.54290199279785, 29.9, 0, 0.0, 1503.5, 33, 30, 25.234
0.3783702850341797, 29.268264770507812, 1.8246173858642578, 0.2300739288330078, 26.332855224609375, 31.5, 0, 0.0, 1503.5, 27, 30, 25.525
0.40149688720703125, 29.245615005493164, 1.8010139465332031, 0.23674964904785156, 26.69692039489746, 29.9, 0, 0.0, 1503.5, 27, 30, 25.816
0.5037784576416016, 29.29854393005371, 1.9834041595458984, 0.2300739288330078, 26.013851165771484, 32.3, 0, 0.0, 1503.5, 30, 30, 27.352
0.5221366882324219, 29.542207717895508, 1.9576549530029297, 0.26154518127441406, 26.970386505126953, 30.4, 0, 0.0, 1503.5, 35, 30, 30.241
0.4131793975830078, 29.21295166015625, 1.7588138580322266, 0.22864341735839844, 26.181936264038086, 30.7, 0, 0.0, 1503.5, 35, 30, 34.849
0.5331039428710938, 29.249191284179688, 1.8229484558105469, 0.240325927734375, 26.62181854248047, 32.2, 0, 0.0, 1503.5, 35, 30, 41.254
0.3910064697265625, 29.217004776000977, 1.8341541290283203, 0.23126602172851562, 25.90346336364746, 32.2, 0, 0.0, 1503.5, 35, 30, 38.864
0.41222572326660156, 29.24799919128418, 1.9080638885498047, 0.28252601623535156, 25.91872215270996, 29.9, 0, 0.0, 1503.5, 33, 30, 33.301
0.4379749298095703, 29.235363006591797, 1.953125, 0.22721290588378906, 25.737762451171875, 34.1, 0, 0.0, 1503.5, 33, 30, 25.331
0.38051605224609375, 29.35647964477539, 1.8572807312011719, 0.2334117889404297, 26.09419822692871, 29.9, 0, 0.0, 1503.5, 27, 31, 25.428
0.38623809814453125, 29.2356014251709, 1.7979145050048828, 0.22912025451660156, 25.771141052246094, 31.0, 0, 0.0, 1503.5, 27, 31, 25.816
0.44989585876464844, 29.26945686340332, 1.7940998077392578, 0.24580955505371094, 26.02386474609375, 29.9, 0, 0.0, 1503.5, 29, 30, 26.495
0.5595684051513672, 29.452085494995117, 1.89971923828125, 0.2732276916503906, 26.21769905090332, 31.9, 0, 0.0, 1503.5, 35, 31, 28.224
0.4019737243652344, 29.219627380371094, 1.8033981323242188, 0.23293495178222656, 26.27086639404297, 29.9, 0, 0.0, 1503.5, 35, 30, 31.113
0.43463706970214844, 29.236793518066406, 1.7461776733398438, 0.23102760314941406, 26.195526123046875, 30.7, 0, 0.0, 1503.5, 36, 31, 35.235
0.37860870361328125, 29.21748161315918, 1.7783641815185547, 0.2117156982421875, 147.8109359741211, 29.2, 0, 0.0, 1503.5, 17, 30, 25.525
0.3821849822998047, 29.284000396728516, 2.105236053466797, 0.32329559326171875, 30.9755802154541, 91.7, 0, 0.0, 1503.5, 17, 31, 25.414
0.5598068237304688, 29.239177703857422, 1.6961097717285156, 0.24199485778808594, 28.090953826904297, 86.5, 0, 0.0, 1503.5, 18, 31, 26.286
0.47087669372558594, 29.277801513671875, 1.7666816711425781, 0.255584716796875, 27.777910232543945, 42.4, 0, 0.0, 1503.5, 37, 31, 28.127
0.4277229309082031, 29.25395965576172, 1.7695426940917969, 0.2338886260986328, 26.60202980041504, 40.4, 0, 0.0, 1503.5, 37, 31, 30.048
0.4761219024658203, 29.224634170532227, 1.775503158569336, 0.23221969604492188, 26.453256607055664, 29.5, 0, 0.0, 1503.5, 35, 31, 33.901
0.4849433898925781, 29.283761978149414, 1.8019676208496094, 0.27060508728027344, 26.33380889892578, 32.2, 0, 0.0, 1503.5, 35, 31, 40.095
0.5145072937011719, 29.231548309326172, 1.8925666809082031, 0.2346038818359375, 26.032686233520508, 31.5, 0, 0.0, 1503.5, 34, 31, 39.806
0.5023479461669922, 29.302597045898438, 1.8146038055419922, 0.2429485321044922, 26.738882064819336, 29.1, 0, 0.0, 1503.5, 34, 31, 34.752
0.492095947265625, 29.238224029541016, 1.7590522766113281, 0.23436546325683594, 26.26347541809082, 31.5, 0, 0.0, 1503.5, 31, 31, 25.331
0.5040168762207031, 29.263019561767578, 1.9071102142333984, 0.23555755615234375, 26.74245834350586, 30.3, 0, 0.0, 1503.5, 31, 31, 25.525
0.40411949157714844, 29.22844886779785, 1.7855167388916016, 0.2453327178955078, 26.253223419189453, 33.0, 0, 0.0, 1503.5, 24, 31, 25.913
0.5273818969726562, 29.2665958404541, 1.905202865600586, 0.2334117889404297, 26.358604431152344, 30.1, 0, 0.0, 1503.5, 35, 31, 28.03
0.5133152008056641, 29.230833053588867, 1.7731189727783203, 0.23293495178222656, 26.372194290161133, 30.7, 0, 0.0, 1503.5, 35, 31, 30.338
0.4544258117675781, 29.235363006591797, 1.783609390258789, 0.23365020751953125, 26.824235916137695, 30.7, 0, 0.0, 1503.5, 35, 31, 34.172
0.43201446533203125, 29.236555099487305, 1.77764892578125, 0.23674964904785156, 26.535511016845703, 30.8, 0, 0.0, 1503.5, 35, 31, 41.711
0.5056858062744141, 29.24513816833496, 1.787424087524414, 0.23055076599121094, 26.65114402770996, 32.2, 0, 0.0, 1503.5, 33, 31, 37.727
0.5271434783935547, 29.24489974975586, 1.8351078033447266, 0.2734661102294922, 27.02021598815918, 32.3, 0, 0.0, 1503.5, 33, 31, 25.331
0.5099773406982422, 29.337644577026367, 1.7964839935302734, 0.25653839111328125, 26.610136032104492, 29.8, 0, 0.0, 1503.5, 21, 31, 25.816
0.4944801330566406, 29.256820678710938, 1.760721206665039, 0.2377033233642578, 26.808977127075195, 29.9, 0, 0.0, 1503.5, 21, 31, 26.592
0.5202293395996094, 29.230356216430664, 1.8129348754882812, 0.2319812774658203, 26.513338088989258, 31.5, 0, 0.0, 1503.5, 34, 31, 28.321
0.46253204345703125, 29.257774353027344, 1.7957687377929688, 0.2162456512451172, 34.10601615905762, 56.1, 0, 0.0, 1503.5, 35, 31, 29.66
0.5702972412109375, 29.247760772705078, 1.6677379608154297, 0.27823448181152344, 33.89787673950195, 100.0, 0, 0.0, 1503.5, 35, 31, 41.036
0.5145072937011719, 29.24060821533203, 1.619100570678711, 0.23365020751953125, 26.504039764404297, 81.8, 0, 0.0, 1503.5, 32, 31, 34.442
0.5118846893310547, 29.240846633911133, 1.7621517181396484, 0.2288818359375, 26.28803253173828, 30.7, 0, 0.0, 1503.5, 32, 31, 25.331
0.47016143798828125, 29.244184494018555, 1.7478466033935547, 0.2624988555908203, 26.247739791870117, 31.5, 0, 0.0, 1503.5, 28, 31, 25.525
0.5092620849609375, 29.248476028442383, 1.8661022186279297, 0.22840499877929688, 26.112794876098633, 31.1, 0, 0.0, 1503.5, 28, 31, 25.816
0.5505084991455078, 29.293060302734375, 1.7626285552978516, 0.2548694610595703, 26.46470069885254, 30.7, 0, 0.0, 1503.5, 29, 31, 26.577
0.4241466522216797, 29.247283935546875, 1.744985580444336, 0.23365020751953125, 26.55935287475586, 30.7, 0, 0.0, 1503.5, 35, 31, 28.03
0.5121231079101562, 29.24370765686035, 1.8072128295898438, 0.2346038818359375, 27.11653709411621, 30.3, 0, 0.0, 1503.5, 35, 31, 30.726
0.4973411560058594, 29.239654541015625, 1.8193721771240234, 0.23412704467773438, 26.085853576660156, 51.7, 0, 0.0, 1503.5, 35, 31, 35.235
0.4303455352783203, 29.234886169433594, 1.6307830810546875, 0.2307891845703125, 34.21783447265625, 100.0, 0, 0.0, 1503.5, 35, 31, 40.771
0.4544258117675781, 29.218673706054688, 1.6021728515625, 0.25153160095214844, 26.694774627685547, 82.0, 0, 0.0, 1503.5, 32, 31, 33.185
0.9546279907226562, 29.442310333251953, 2.1877288818359375, 0.2536773681640625, 26.867389678955078, 29.5, 0, 0.0, 1503.5, 32, 31, 25.525
0.6716251373291016, 29.11829948425293, 2.153158187866211, 0.21648406982421875, 23.858070373535156, 31.5, 0, 0.0, 1503.5, 21, 31, 25.995
0.6313323974609375, 29.103755950927734, 1.7986297607421875, 0.21219253540039062, 23.54884147644043, 30.6, 0, 0.0, 1503.5, 21, 31, 26.771
0.7271766662597656, 29.074907302856445, 2.1326541900634766, 0.2269744873046875, 26.483535766601562, 31.9, 0, 0.0, 1503.5, 35, 32, 28.111
0.7731914520263672, 29.114961624145508, 2.0596981048583984, 0.22339820861816406, 25.248289108276367, 32.6, 0, 0.0, 1503.5, 35, 31, 33.882
0.7474422454833984, 29.12449836730957, 1.97601318359375, 0.22339820861816406, 25.248289108276367, 30.4, 0, 0.0, 1503.5, 35, 32, 40.868
0.6692409515380859, 29.102087020874023, 2.2351741790771484, 0.2586841583251953, 24.9481201171875, 24.2, 0, 0.0, 1503.5, 32, 32, 33.882
0.7431507110595703, 29.112815856933594, 2.198457717895508, 0.23102760314941406, 24.995803833007812, 31.9, 0, 0.0, 1503.5, 32, 31, 41.808
0.7605552673339844, 29.206514358520508, 2.3577213287353516, 0.2696514129638672, 26.088237762451172, 31.6, 0, 0.0, 1503.5, 32, 32, 37.051
0.60272216796875, 29.294967651367188, 1.6982555389404297, 0.2148151397705078, 23.670434951782227, 31.2, 0, 0.0, 1503.5, 32, 32, 25.331
0.522613525390625, 29.23107147216797, 1.6350746154785156, 0.20956993103027344, 22.803306579589844, 29.9, 0, 0.0, 1503.5, 22, 32, 25.816
0.5040168762207031, 29.213428497314453, 1.604318618774414, 0.1971721649169922, 22.259950637817383, 32.2, 0, 0.0, 1503.5, 22, 32, 26.01
0.4990100860595703, 29.24513816833496, 1.558542251586914, 0.19669532775878906, 22.27163314819336, 31.0, 0, 0.0, 1503.5, 34, 32, 26.689
0.4687309265136719, 29.15477752685547, 1.6605854034423828, 0.1800060272216797, 21.461009979248047, 51.8, 0, 0.0, 1503.5, 34, 32, 27.061
0.4611015319824219, 29.20222282409668, 1.4176368713378906, 0.17786026000976562, 21.242856979370117, 100.0, 0, 0.0, 1503.5, 35, 32, 27.627
0.48613548278808594, 29.19936180114746, 1.3887882232666016, 0.19621849060058594, 29.62517738342285, 100.0, 0, 0.0, 1503.5, 35, 32, 29.176
0.3952980041503906, 29.223203659057617, 1.4176368713378906, 0.19598007202148438, 73.4550952911377, 68.8, 0, 0.0, 1503.5, 35, 32, 25.428
0.4322528839111328, 29.169797897338867, 6.90150260925293, 0.18215179443359375, 40.18139839172363, 48.8, 0, 0.0, 1503.5, 18, 32, 26.01
0.4856586456298828, 29.166221618652344, 1.4469623565673828, 0.17833709716796875, 20.89095115661621, 97.6, 0, 0.0, 1503.5, 34, 32, 40.385
0.4856586456298828, 29.17623519897461, 1.4269351959228516, 0.19502639770507812, 29.3729305267334, 100.0, 0, 0.0, 1503.5, 34, 32, 41.229
0.5102157592773438, 29.199600219726562, 1.4290809631347656, 0.1983642578125, 22.078275680541992, 77.7, 0, 0.0, 1503.5, 30, 32, 26.092
0.49757957458496094, 29.18410301208496, 1.5749931335449219, 0.21314620971679688, 21.930932998657227, 31.0, 0, 0.0, 1503.5, 30, 32, 25.428
0.4584789276123047, 29.20079231262207, 1.562356948852539, 0.2219676971435547, 22.270917892456055, 29.8, 0, 0.0, 1503.5, 30, 32, 25.428
0.4336833953857422, 29.17170524597168, 1.6872882843017578, 0.19121170043945312, 21.979808807373047, 31.5, 0, 0.0, 1503.5, 30, 32, 25.719
0.4200935363769531, 29.163360595703125, 1.5871524810791016, 0.1895427703857422, 21.912097930908203, 30.0, 0, 0.0, 1503.5, 29, 32, 26.301
0.44918060302734375, 29.194355010986328, 1.5797615051269531, 0.194549560546875, 22.112369537353516, 31.0, 0, 0.0, 1503.5, 36, 32, 27.449
0.4730224609375, 29.184341430664062, 1.7316341400146484, 0.19216537475585938, 22.085189819335938, 32.6, 0, 0.0, 1503.5, 36, 32, 28.515
0.5362033843994141, 29.23274040222168, 1.57928466796875, 0.1976490020751953, 22.63474464416504, 33.0, 0, 0.0, 1503.5, 35, 32, 30.435
0.4820823669433594, 29.189348220825195, 1.5573501586914062, 0.21123886108398438, 22.478342056274414, 29.8, 0, 0.0, 1503.5, 35, 32, 33.127
0.8063316345214844, 29.299020767211914, 2.1643638610839844, 0.2510547637939453, 24.797916412353516, 51.6, 0, 0.0, 1503.5, 33, 32, 39.902
0.6766319274902344, 29.259443283081055, 1.5430450439453125, 0.20694732666015625, 23.32592010498047, 100.0, 0, 0.0, 1503.5, 33, 32, 33.572
0.5338191986083984, 29.206037521362305, 1.4495849609375, 0.20647048950195312, 30.781269073486328, 100.0, 0, 0.0, 1503.5, 29, 32, 25.414
0.5204677581787109, 29.198646545410156, 1.4178752899169922, 0.19669532775878906, 23.018836975097656, 81.1, 0, 0.0, 1503.5, 29, 32, 25.816
0.4820823669433594, 29.201030731201172, 1.5783309936523438, 0.19669532775878906, 22.965192794799805, 31.4, 0, 0.0, 1503.5, 25, 32, 26.107
0.49304962158203125, 29.209613800048828, 1.5819072723388672, 0.19812583923339844, 23.12755584716797, 30.6, 0, 0.0, 1503.5, 25, 32, 26.771
0.4642009735107422, 29.18386459350586, 1.5981197357177734, 0.19550323486328125, 22.922039031982422, 30.2, 0, 0.0, 1503.5, 35, 32, 27.933
0.4811286926269531, 29.186248779296875, 1.7104148864746094, 0.20170211791992188, 22.809505462646484, 31.4, 0, 0.0, 1503.5, 35, 32, 29.564
0.4913806915283203, 29.187679290771484, 1.622915267944336, 0.19860267639160156, 22.98450469970703, 32.6, 0, 0.0, 1503.5, 35, 32, 33.514
0.5216598510742188, 29.242753982543945, 1.588582992553711, 0.20551681518554688, 22.964000701904297, 30.6, 0, 0.0, 1503.5, 36, 32, 35.698
0.49495697021484375, 29.217243194580078, 1.5866756439208984, 0.19550323486328125, 22.98116683959961, 30.4, 0, 0.0, 1503.5, 36, 32, 40.313
0.48542022705078125, 29.209613800048828, 1.6028881072998047, 0.1971721649169922, 23.483991622924805, 29.8, 0, 0.0, 1503.5, 32, 32, 36.643
0.4687309265136719, 29.199600219726562, 1.6155242919921875, 0.18215179443359375, 21.657705307006836, 52.9, 0, 0.0, 1503.5, 32, 32, 33.205
0.4878044128417969, 29.198169708251953, 1.4073848724365234, 0.19741058349609375, 30.41553497314453, 100.0, 0, 0.0, 1503.5, 31, 32, 25.414
0.4711151123046875, 29.198408126831055, 1.4355182647705078, 0.18167495727539062, 21.682262420654297, 100.0, 0, 0.0, 1503.5, 31, 32, 25.705
0.4096031188964844, 29.195070266723633, 1.4183521270751953, 0.20503997802734375, 30.231237411499023, 100.0, 0, 0.0, 1503.5, 24, 32, 25.802
0.5114078521728516, 29.18720245361328, 1.5344619750976562, 0.19073486328125, 22.899866104125977, 81.1, 0, 0.0, 1503.5, 35, 32, 27.433
0.4878044128417969, 29.21915054321289, 1.5799999237060547, 0.19693374633789062, 23.266077041625977, 32.2, 0, 0.0, 1503.5, 35, 32, 28.902
0.4723072052001953, 29.204845428466797, 1.64794921875, 0.20885467529296875, 23.65589141845703, 29.9, 0, 0.0, 1503.5, 35, 32, 30.629
0.8091926574707031, 29.253721237182617, 2.3314952850341797, 0.26488304138183594, 26.9775390625, 29.5, 0, 0.0, 1503.5, 35, 32, 40.868
0.6146430969238281, 29.250621795654297, 1.638174057006836, 0.2243518829345703, 24.044513702392578, 31.2, 0, 0.0, 1503.5, 28, 32, 25.331
0.5350112915039062, 29.17957305908203, 1.5666484832763672, 0.21505355834960938, 22.765398025512695, 32.2, 0, 0.0, 1503.5, 28, 32, 25.719
0.49376487731933594, 29.201984405517578, 1.626729965209961, 0.2758502960205078, 22.714853286743164, 30.7, 0, 0.0, 1503.5, 26, 32, 25.913
0.5397796630859375, 29.230117797851562, 1.5871524810791016, 0.20122528076171875, 22.687911987304688, 30.2, 0, 0.0, 1503.5, 26, 32, 26.204
0.5500316619873047, 29.18720245361328, 1.5892982482910156, 0.24652481079101562, 22.41063117980957, 30.2, 0, 0.0, 1503.5, 35, 32, 27.449
0.5102157592773438, 29.168367385864258, 1.6524791717529297, 0.20074844360351562, 22.3238468170166, 33.0, 0, 0.0, 1503.5, 35, 32, 28.418
0.4038810729980469, 29.165029525756836, 1.6393661499023438, 0.20074844360351562, 22.601604461669922, 31.4, 0, 0.0, 1503.5, 35, 32, 30.145
0.5326271057128906, 29.194355010986328, 1.6200542449951172, 0.20074844360351562, 22.338390350341797, 29.3, 0, 0.0, 1503.5, 35, 32, 37.244
0.5316734313964844, 29.18863296508789, 1.6562938690185547, 0.26154518127441406, 22.33099937438965, 32.6, 0, 0.0, 1503.5, 35, 32, 41.061
0.48923492431640625, 29.19173240661621, 1.5840530395507812, 0.20241737365722656, 22.625207901000977, 31.4, 0, 0.0, 1503.5, 33, 33, 40.095
0.5064010620117188, 29.17766571044922, 1.598358154296875, 0.20265579223632812, 22.58920669555664, 30.1, 0, 0.0, 1503.5, 33, 33, 37.029
0.4811286926269531, 29.16860580444336, 1.6198158264160156, 0.1990795135498047, 22.935867309570312, 31.0, 0, 0.0, 1503.5, 33, 33, 32.818
0.4925727844238281, 29.190778732299805, 1.6222000122070312, 0.202178955078125, 22.44710922241211, 32.6, 0, 0.0, 1503.5, 33, 33, 25.428
0.5452632904052734, 29.20365333557129, 1.5947818756103516, 0.18405914306640625, 21.12269401550293, 51.2, 0, 0.0, 1503.5, 29, 32, 25.525
0.48804283142089844, 29.2665958404541, 1.443624496459961, 0.2219676971435547, 20.659446716308594, 100.0, 0, 0.0, 1503.5, 29, 33, 25.608
0.4661083221435547, 29.184818267822266, 1.2710094451904297, 0.2219676971435547, 20.659446716308594, 100.0, 0, 0.0, 1503.5, 28, 33, 25.787
0.4634857177734375, 29.22964096069336, 1.6074180603027344, 0.21982192993164062, 30.600309371948242, 55.4, 0, 0.0, 1503.5, 28, 33, 25.414
0.7739067077636719, 29.248476028442383, 1.9299983978271484, 0.23746490478515625, 25.422334671020508, 71.4, 0, 0.0, 1503.5, 31, 33, 26.48
0.6239414215087891, 29.12425994873047, 2.093076705932617, 0.24247169494628906, 24.306058883666992, 30.3, 0, 0.0, 1503.5, 36, 33, 28.402
0.7932186126708984, 29.11090850830078, 2.1033287048339844, 0.22721290588378906, 24.661540985107422, 33.0, 0, 0.0, 1503.5, 36, 33, 31.966
0.7469654083251953, 29.30426597595215, 4.68897819519043, 0.2980232238769531, 25.539159774780273, 27.3, 0, 0.0, 1503.5, 33, 33, 41.975
0.7815361022949219, 29.123783111572266, 1.9850730895996094, 0.21839141845703125, 24.20806884765625, 30.9, 0, 0.0, 1503.5, 33, 33, 34.655
0.6434917449951172, 29.1445255279541, 2.2134780883789062, 0.225067138671875, 24.66130256652832, 31.5, 0, 0.0, 1503.5, 26, 33, 25.719
0.7588863372802734, 29.1135311126709, 2.2068023681640625, 0.21910667419433594, 24.76954460144043, 30.4, 0, 0.0, 1503.5, 26, 33, 26.01
0.6327629089355469, 29.133081436157227, 2.145051956176758, 0.2243518829345703, 24.429798126220703, 30.3, 0, 0.0, 1503.5, 29, 33, 26.964
0.7810592651367188, 29.156923294067383, 2.1982192993164062, 0.23102760314941406, 25.129079818725586, 33.3, 0, 0.0, 1503.5, 36, 33, 29.37
0.8378028869628906, 29.21462059020996, 2.203226089477539, 0.2548694610595703, 25.61044692993164, 30.1, 0, 0.0, 1503.5, 36, 33, 41.254
0.7176399230957031, 29.130935668945312, 2.226114273071289, 0.21767616271972656, 24.969816207885742, 30.0, 0, 0.0, 1503.5, 32, 33, 35.967
0.7407665252685547, 29.13212776184082, 2.210855484008789, 0.2231597900390625, 24.57427978515625, 31.1, 0, 0.0, 1503.5, 32, 33, 25.428
0.6277561187744141, 29.135465621948242, 2.1467208862304688, 0.21338462829589844, 24.4596004486084, 32.2, 0, 0.0, 1503.5, 24, 33, 25.622
0.7922649383544922, 29.130935668945312, 2.2344589233398438, 0.25463104248046875, 32.98187255859375, 32.0, 0, 0.0, 1503.5, 32, 33, 26.204
0.6964206695556641, 29.2966365814209, 1.779317855834961, 0.23412704467773438, 23.697614669799805, 33.0, 0, 0.0, 1503.5, 32, 33, 28.999
0.4012584686279297, 29.213666915893555, 1.9426345825195312, 0.2086162567138672, 22.860050201416016, 32.2, 0, 0.0, 1503.5, 35, 33, 33.785
0.385284423828125, 29.187917709350586, 1.6105175018310547, 0.1976490020751953, 22.80569076538086, 32.2, 0, 0.0, 1503.5, 35, 33, 35.912
0.499725341796875, 29.21581268310547, 1.6057491302490234, 0.2090930938720703, 24.10268783569336, 36.0, 0, 0.0, 1503.5, 35, 33, 41.447
0.4584789276123047, 29.18386459350586, 1.645803451538086, 0.21910667419433594, 24.254560470581055, 43.8, 0, 0.0, 1503.5, 35, 33, 40.095
0.44989585876464844, 29.2203426361084, 1.62506103515625, 0.20051002502441406, 24.150848388671875, 44.9, 0, 0.0, 1503.5, 34, 33, 35.795
0.5047321319580078, 29.213905334472656, 1.600027084350586, 0.213623046875, 24.115800857543945, 42.0, 0, 0.0, 1503.5, 34, 33, 25.428
0.42128562927246094, 29.233694076538086, 1.605987548828125, 0.19669532775878906, 23.972034454345703, 43.7, 0, 0.0, 1503.5, 28, 33, 25.816
0.5748271942138672, 29.20699119567871, 1.8019676208496094, 0.20837783813476562, 22.86839485168457, 40.0, 0, 0.0, 1503.5, 28, 33, 25.913
0.5228519439697266, 29.209136962890625, 1.6398429870605469, 0.20766258239746094, 21.704435348510742, 52.9, 0, 0.0, 1503.5, 31, 33, 26.189
0.4971027374267578, 29.196739196777344, 1.4331340789794922, 0.1990795135498047, 30.139684677124023, 100.0, 0, 0.0, 1503.5, 35, 33, 27.24
0.5533695220947266, 29.221296310424805, 1.4522075653076172, 0.24580955505371094, 22.5374698638916, 85.2, 0, 0.0, 1503.5, 35, 33, 30.497
0.5059242248535156, 29.182910919189453, 1.6689300537109375, 0.24127960205078125, 22.74632453918457, 29.9, 0, 0.0, 1503.5, 35, 33, 32.45
0.5407333374023438, 29.234647750854492, 1.6353130340576172, 0.2720355987548828, 22.68528938293457, 30.6, 0, 0.0, 1503.5, 35, 33, 35.698
0.5078315734863281, 29.236793518066406, 1.6071796417236328, 0.1888275146484375, 21.845579147338867, 48.9, 0, 0.0, 1503.5, 34, 33, 40.795
0.5283355712890625, 29.190540313720703, 1.4927387237548828, 0.18739700317382812, 21.116018295288086, 100.0, 0, 0.0, 1503.5, 34, 33, 37.415
0.5159378051757812, 29.21891212463379, 1.4500617980957031, 0.18596649169921875, 21.39878273010254, 100.0, 0, 0.0, 1503.5, 33, 33, 36.568
0.49114227294921875, 29.196739196777344, 1.439809799194336, 0.19884109497070312, 21.286725997924805, 100.0, 0, 0.0, 1503.5, 33, 33, 32.605
0.5171298980712891, 29.207944869995117, 1.310586929321289, 0.19884109497070312, 21.286725997924805, 100.0, 0, 0.0, 1503.5, 32, 33, 25.497
0.44035911560058594, 29.241085052490234, 1.6193389892578125, 0.2071857452392578, 22.002458572387695, 47.6, 0, 0.0, 1503.5, 32, 33, 38.478
0.4782676696777344, 29.19483184814453, 1.4531612396240234, 0.18858909606933594, 22.002458572387695, 100.0, 0, 0.0, 1503.5, 34, 33, 35.87
0.4494190216064453, 29.249191284179688, 1.4569759368896484, 0.18858909606933594, 22.002458572387695, 21.9, 0, 0.0, 1503.5, 34, 33, 41.736
0.4475116729736328, 29.21438217163086, 1.676321029663086, 0.2040863037109375, 22.22919464111328, 45.3, 0, 0.0, 1503.5, 32, 33, 30.338
0.46253204345703125, 29.236316680908203, 1.3108253479003906, 0.2040863037109375, 22.22919464111328, 100.0, 0, 0.0, 1503.5, 32, 33, 31.464
0.4742145538330078, 29.21891212463379, 1.5876293182373047, 0.2770423889160156, 30.584096908569336, 55.1, 0, 0.0, 1503.5, 32, 33, 28.321
0.5228519439697266, 29.1900634765625, 1.4162063598632812, 0.18072128295898438, 21.901845932006836, 100.0, 0, 0.0, 1503.5, 32, 33, 32.122
0.476837158203125, 29.190778732299805, 1.2984275817871094, 0.18072128295898438, 21.901845932006836, 100.0, 0, 0.0, 1503.5, 32, 33, 34.711
0.4417896270751953, 29.233217239379883, 1.4438629150390625, 0.18072128295898438, 21.901845932006836, 21.9, 0, 0.0, 1503.5, 32, 33, 27.546
0.39315223693847656, 29.205799102783203, 1.6155242919921875, 0.18072128295898438, 21.901845932006836, 17.9, 0, 0.0, 1503.5, 32, 33, 27.546
0.47087669372558594, 29.211759567260742, 1.4688968658447266, 0.18072128295898438, 21.901845932006836, 21.4, 0, 0.0, 1503.5, 35, 33, 26.01
0.4429817199707031, 29.27112579345703, 1.45721435546875, 0.18072128295898438, 21.901845932006836, 17.2, 0, 0.0, 1503.5, 35, 33, 34.172
0.3657341003417969, 29.219627380371094, 1.51824951171875, 0.18072128295898438, 21.901845932006836, 19.4, 0, 0.0, 1503.5, 37, 33, 41.182
0.4830360412597656, 29.23440933227539, 1.4805793762207031, 0.18072128295898438, 21.901845932006836, 18.2, 0, 0.0, 1503.5, 37, 34, 30.532
0.45180320739746094, 29.217958450317383, 1.4922618865966797, 0.18072128295898438, 21.901845932006836, 15.6, 0, 0.0, 1503.5, 37, 33, 26.592
0.37097930908203125, 29.21891212463379, 1.4770030975341797, 0.18072128295898438, 21.901845932006836, 21.5, 0, 0.0, 1503.5, 29, 34, 26.592
0.45990943908691406, 29.229402542114258, 1.470327377319336, 0.18072128295898438, 21.901845932006836, 14.3, 0, 0.0, 1503.5, 29, 34, 26.301
0.362396240234375, 29.23130989074707, 1.529693603515625, 0.18072128295898438, 21.901845932006836, 18.2, 0, 0.0, 1503.5, 38, 34, 25.719
0.4572868347167969, 29.193878173828125, 1.4789104461669922, 0.18072128295898438, 21.901845932006836, 20.6, 0, 0.0, 1503.5, 38, 34, 36.643
0.3848075866699219, 29.23440933227539, 1.4963150024414062, 0.18072128295898438, 21.901845932006836, 15.6, 0, 0.0, 1503.5, 35, 34, 40.023
0.4589557647705078, 29.221534729003906, 1.4872550964355469, 0.18072128295898438, 21.901845932006836, 18.2, 0, 0.0, 1503.5, 35, 34, 28.902
0.4475116729736328, 29.224634170532227, 1.4810562133789062, 0.18072128295898438, 21.901845932006836, 19.4, 0, 0.0, 1503.5, 35, 34, 28.902
0.39577484130859375, 29.22677993774414, 1.5299320220947266, 0.18072128295898438, 21.901845932006836, 18.2, 0, 0.0, 1503.5, 33, 34, 26.495
0.4601478576660156, 29.243946075439453, 1.5218257904052734, 0.18072128295898438, 21.901845932006836, 19.4, 0, 0.0, 1503.5, 33, 34, 28.708
0.4565715789794922, 29.220104217529297, 1.6589164733886719, 0.21791458129882812, 23.049354553222656, 44.8, 0, 0.0, 1503.5, 41, 34, 40.289
0.45299530029296875, 28.0303955078125, 1.33514404296875, 0.21791458129882812, 23.049354553222656, 100.0, 0, 0.0, 1503.5, 41, 34, 38.046
0.48613548278808594, 28.066158294677734, 1.6651153564453125, 0.2086162567138672, 22.400617599487305, 53.3, 0, 0.0, 1503.5, 31, 34, 38.284
0.5114078521728516, 28.009891510009766, 1.443624496459961, 0.2048015594482422, 30.550241470336914, 100.0, 0, 0.0, 1503.5, 31, 34, 41.59
0.5130767822265625, 28.01680564880371, 1.4107227325439453, 0.2048015594482422, 30.550241470336914, 100.0, 0, 0.0, 1503.5, 31, 34, 36.911
0.42939186096191406, 28.043746948242188, 1.4424324035644531, 0.2048015594482422, 30.550241470336914, 21.7, 0, 0.0, 1503.5, 31, 34, 40.192
0.400543212890625, 28.043746948242188, 1.646280288696289, 0.22411346435546875, 23.75316619873047, 21.4, 0, 0.0, 1503.5, 31, 34, 30.822
0.4515647888183594, 28.01799774169922, 1.687765121459961, 0.1926422119140625, 21.97265625, 52.4, 0, 0.0, 1503.5, 31, 34, 32.159
0.4444122314453125, 28.005361557006836, 1.4503002166748047, 0.19025802612304688, 21.158695220947266, 100.0, 0, 0.0, 1503.5, 33, 34, 35.677
0.5204677581787109, 28.026342391967773, 1.432657241821289, 0.20813941955566406, 21.332979202270508, 100.0, 0, 0.0, 1503.5, 33, 34, 38.744
0.4851818084716797, 27.98914909362793, 1.3284683227539062, 0.20813941955566406, 21.332979202270508, 100.0, 0, 0.0, 1503.5, 30, 34, 41.59
0.44918060302734375, 28.074026107788086, 1.5764236450195312, 0.20313262939453125, 22.23062515258789, 48.8, 0, 0.0, 1503.5, 30, 34, 30.919
0.47588348388671875, 27.960777282714844, 1.3949871063232422, 0.20313262939453125, 22.23062515258789, 100.0, 0, 0.0, 1503.5, 30, 34, 31.851
0.46944618225097656, 27.997255325317383, 1.6162395477294922, 0.2009868621826172, 22.34816551208496, 48.2, 0, 0.0, 1503.5, 30, 34, 28.321
0.48422813415527344, 28.006315231323242, 1.3930797576904297, 0.2009868621826172, 22.34816551208496, 100.0, 0, 0.0, 1503.5, 30, 34, 29.16
0.4200935363769531, 28.018712997436523, 1.4619827270507812, 0.2009868621826172, 22.34816551208496, 21.5, 0, 0.0, 1503.5, 30, 34, 29.16
0.40841102600097656, 28.03492546081543, 1.5022754669189453, 0.2009868621826172, 22.34816551208496, 17.2, 0, 0.0, 1503.5, 30, 34, 26.577
0.45418739318847656, 28.06711196899414, 1.5184879302978516, 0.2009868621826172, 22.34816551208496, 16.7, 0, 0.0, 1503.5, 40, 34, 25.719
0.4017353057861328, 28.034210205078125, 1.6326904296875, 0.2262592315673828, 22.523880004882812, 44.3, 0, 0.0, 1503.5, 40, 34, 38.864
0.4184246063232422, 28.020143508911133, 1.493692398071289, 0.18787384033203125, 21.003246307373047, 100.0, 0, 0.0, 1503.5, 33, 34, 36.16
0.48351287841796875, 28.049230575561523, 1.4820098876953125, 0.2090930938720703, 30.06768226623535, 100.0, 0, 0.0, 1503.5, 33, 34, 32.799
0.4889965057373047, 27.96626091003418, 1.5025138854980469, 0.21910667419433594, 22.156715393066406, 84.7, 0, 0.0, 1503.5, 27, 34, 25.497
0.5340576171875, 28.051137924194336, 1.6129016876220703, 0.1933574676513672, 21.87323570251465, 50.6, 0, 0.0, 1503.5, 27, 34, 25.719
0.5154609680175781, 28.00750732421875, 1.4605522155761719, 0.18858909606933594, 21.2249755859375, 100.0, 0, 0.0, 1503.5, 28, 34, 25.787
0.4763603210449219, 27.987957000732422, 1.3985633850097656, 0.17833709716796875, 20.919322967529297, 100.0, 0, 0.0, 1503.5, 28, 34, 25.981
0.4467964172363281, 27.99677848815918, 1.4264583587646484, 0.18405914306640625, 21.68416976928711, 100.0, 0, 0.0, 1503.5, 31, 34, 26.175
0.47898292541503906, 28.005361557006836, 1.458883285522461, 0.2281665802001953, 21.262645721435547, 100.0, 0, 0.0, 1503.5, 31, 34, 26.659
0.4630088806152344, 28.00750732421875, 1.4541149139404297, 0.18835067749023438, 21.31795883178711, 100.0, 0, 0.0, 1503.5, 33, 34, 27.143
0.4372596740722656, 28.01656723022461, 1.4486312866210938, 0.18548965454101562, 21.13628387451172, 100.0, 0, 0.0, 1503.5, 33, 34, 28.305
0.4799365997314453, 28.00297737121582, 1.4920234680175781, 0.2086162567138672, 30.07054328918457, 100.0, 0, 0.0, 1503.5, 33, 34, 30.031
0.5328655242919922, 28.051137924194336, 1.5058517456054688, 0.19311904907226562, 21.945714950561523, 100.0, 0, 0.0, 1503.5, 33, 34, 36.353
0.6439685821533203, 28.236865997314453, 1.4121532440185547, 0.19311904907226562, 21.945714950561523, 93.4, 0, 0.0, 1503.5, 33, 34, 36.696
0.5359649658203125, 28.01990509033203, 1.7118453979492188, 0.2200603485107422, 21.90709114074707, 41.5, 0, 0.0, 1503.5, 30, 34, 39.154
0.4889965057373047, 27.997732162475586, 1.4483928680419922, 0.209808349609375, 21.698951721191406, 100.0, 0, 0.0, 1503.5, 30, 34, 41.615
0.4985332489013672, 28.015613555908203, 1.4750957489013672, 0.18548965454101562, 21.36087417602539, 100.0, 0, 0.0, 1503.5, 32, 34, 41.325
0.49114227294921875, 29.185056686401367, 1.4717578887939453, 0.20575523376464844, 29.707670211791992, 100.0, 0, 0.0, 1503.5, 32, 34, 37.49
0.47397613525390625, 29.19769287109375, 1.451730728149414, 0.18477439880371094, 21.27528190612793, 100.0, 0, 0.0, 1503.5, 27, 34, 25.414
0.4870891571044922, 29.209375381469727, 1.44195556640625, 0.244140625, 21.184444427490234, 100.0, 0, 0.0, 1503.5, 27, 34, 25.608
0.4763603210449219, 29.181957244873047, 1.4793872833251953, 0.186920166015625, 21.172046661376953, 100.0, 0, 0.0, 1503.5, 29, 34, 25.787
0.4906654357910156, 29.21581268310547, 1.4123916625976562, 0.17714500427246094, 20.872116088867188, 100.0, 0, 0.0, 1503.5, 29, 34, 25.787
0.46896934509277344, 29.193639755249023, 1.4731884002685547, 0.18525123596191406, 20.920276641845703, 100.0, 0, 0.0, 1503.5, 31, 34, 26.078
0.5221366882324219, 29.231548309326172, 1.6312599182128906, 0.19812583923339844, 30.084609985351562, 100.0, 0, 0.0, 1503.5, 35, 34, 26.562
0.4944801330566406, 29.185056686401367, 1.4698505401611328, 0.18739700317382812, 21.09241485595703, 100.0, 0, 0.0, 1503.5, 35, 34, 29.45
0.4298686981201172, 29.224395751953125, 1.4233589172363281, 0.17714500427246094, 20.920515060424805, 100.0, 0, 0.0, 1503.5, 34, 34, 31.077
0.49948692321777344, 29.177188873291016, 1.4605522155761719, 0.1881122589111328, 20.856618881225586, 100.0, 0, 0.0, 1503.5, 34, 34, 32.799
0.9589195251464844, 29.926776885986328, 1.6925334930419922, 0.28586387634277344, 23.648977279663086, 83.3, 0, 0.0, 1503.5, 34, 34, 41.565
0.4978179931640625, 29.209136962890625, 1.64031982421875, 0.19288063049316406, 21.89350128173828, 48.9, 0, 0.0, 1503.5, 34, 34, 36.932
0.5125999450683594, 29.200315475463867, 1.5599727630615234, 0.1933574676513672, 21.274805068969727, 89.0, 0, 0.0, 1503.5, 28, 34, 25.414
0.5114078521728516, 29.182910919189453, 1.4538764953613281, 0.21886825561523438, 22.64571189880371, 86.0, 0, 0.0, 1503.5, 28, 34, 25.608
0.4940032958984375, 29.209375381469727, 1.684427261352539, 0.2067089080810547, 32.132863998413086, 51.1, 0, 0.0, 1503.5, 28, 34, 25.802
0.4584789276123047, 29.164552688598633, 1.4460086822509766, 0.2200603485107422, 23.385047912597656, 89.8, 0, 0.0, 1503.5, 28, 34, 26.852
0.5042552947998047, 29.18410301208496, 1.588582992553711, 0.22363662719726562, 22.48835563659668, 40.7, 0, 0.0, 1503.5, 33, 34, 27.352
0.4863739013671875, 29.195308685302734, 1.5842914581298828, 0.22220611572265625, 22.49288558959961, 30.6, 0, 0.0, 1503.5, 36, 34, 29.079
0.4837512969970703, 29.20699119567871, 1.6183853149414062, 0.20885467529296875, 23.24962615966797, 52.8, 0, 0.0, 1503.5, 36, 34, 31.307
0.4668235778808594, 29.203176498413086, 1.5902519226074219, 0.22363662719726562, 22.724628448486328, 86.5, 0, 0.0, 1503.5, 35, 34, 36.525
0.43487548828125, 29.209613800048828, 1.8463134765625, 0.24747848510742188, 22.68052101135254, 31.8, 0, 0.0, 1503.5, 35, 34, 41.35
0.46944618225097656, 29.23130989074707, 1.5897750854492188, 0.1976490020751953, 22.428035736083984, 30.6, 0, 0.0, 1503.5, 34, 35, 39.516
0.4925727844238281, 29.222488403320312, 1.678466796875, 0.20360946655273438, 22.1254825592041, 32.6, 0, 0.0, 1503.5, 34, 35, 36.084
0.4475116729736328, 29.207229614257812, 1.6205310821533203, 0.18525123596191406, 21.34084701538086, 51.8, 0, 0.0, 1503.5, 34, 35, 33.127
0.49114227294921875, 29.204368591308594, 1.4772415161132812, 0.2071857452392578, 22.70793914794922, 95.4, 0, 0.0, 1503.5, 34, 35, 25.497
0.4799365997314453, 29.183149337768555, 1.5532970428466797, 0.20122528076171875, 22.451162338256836, 69.0, 0, 0.0, 1503.5, 28, 35, 25.608
0.45490264892578125, 29.22677993774414, 1.6179084777832031, 0.2040863037109375, 22.355079650878906, 32.2, 0, 0.0, 1503.5, 28, 35, 25.816
0.4451274871826172, 29.19793128967285, 1.6078948974609375, 0.21004676818847656, 24.22022819519043, 54.4, 0, 0.0, 1503.5, 29, 35, 26.092
0.4687309265136719, 29.210329055786133, 1.4584064483642578, 0.2048015594482422, 22.639751434326172, 88.0, 0, 0.0, 1503.5, 29, 35, 26.465
0.48351287841796875, 29.21581268310547, 1.6140937805175781, 0.20265579223632812, 22.60112762451172, 30.2, 0, 0.0, 1503.5, 36, 35, 27.158
0.48804283142089844, 29.214143753051758, 1.6484260559082031, 0.2052783966064453, 22.501468658447266, 31.2, 0, 0.0, 1503.5, 35, 35, 32.159
0.4763603210449219, 29.19602394104004, 1.5599727630615234, 0.1957416534423828, 22.34625816345215, 30.3, 0, 0.0, 1503.5, 35, 35, 36.858
0.4940032958984375, 29.190540313720703, 1.672983169555664, 0.22172927856445312, 22.34029769897461, 31.4, 0, 0.0, 1503.5, 35, 35, 41.543
0.5056858062744141, 29.192447662353516, 1.6353130340576172, 0.2167224884033203, 22.330045700073242, 30.6, 0, 0.0, 1503.5, 35, 35, 40.095
0.5006790161132812, 29.229402542114258, 1.6798973083496094, 0.26226043701171875, 24.183034896850586, 53.4, 0, 0.0, 1503.5, 33, 35, 36.084
0.4608631134033203, 29.190778732299805, 1.5447139739990234, 0.20170211791992188, 22.710800170898438, 87.5, 0, 0.0, 1503.5, 33, 35, 27.128
0.4019737243652344, 29.20055389404297, 1.7540454864501953, 0.2040863037109375, 22.413969039916992, 31.0, 0, 0.0, 1503.5, 29, 35, 25.622
0.5245208740234375, 29.221296310424805, 1.6083717346191406, 0.20122528076171875, 22.305965423583984, 31.4, 0, 0.0, 1503.5, 29, 35, 25.816
0.47135353088378906, 29.209613800048828, 1.628875732421875, 0.20122528076171875, 22.3388671875, 30.6, 0, 0.0, 1503.5, 28, 35, 25.995
0.4687309265136719, 29.187440872192383, 1.626729965209961, 0.20837783813476562, 24.69778060913086, 52.9, 0, 0.0, 1503.5, 28, 35, 26.674
0.48041343688964844, 29.196977615356445, 1.4841556549072266, 0.20623207092285156, 23.639440536499023, 89.7, 0, 0.0, 1503.5, 36, 35, 28.095
0.4909038543701172, 29.199600219726562, 1.636505126953125, 0.2009868621826172, 22.66860008239746, 39.5, 0, 0.0, 1503.5, 36, 35, 29.66
0.4551410675048828, 29.22677993774414, 1.5642642974853516, 0.1804828643798828, 21.3775634765625, 51.8, 0, 0.0, 1503.5, 36, 35, 31.113
0.46563148498535156, 29.21295166015625, 1.4438629150390625, 0.20360946655273438, 29.753446578979492, 100.0, 0, 0.0, 1503.5, 35, 35, 33.765
0.49495697021484375, 29.196977615356445, 1.451253890991211, 0.20313262939453125, 22.394895553588867, 83.5, 0, 0.0, 1503.5, 35, 35, 40.915
0.4596710205078125, 29.19459342956543, 1.6176700592041016, 0.20694732666015625, 22.312402725219727, 29.8, 0, 0.0, 1503.5, 34, 35, 40.506
0.4787445068359375, 29.254674911499023, 1.554727554321289, 0.22125244140625, 22.48382568359375, 51.6, 0, 0.0, 1503.5, 34, 35, 33.321
0.4916191101074219, 29.18243408203125, 1.4455318450927734, 0.21600723266601562, 22.190093994140625, 88.4, 0, 0.0, 1503.5, 29, 35, 25.497
0.7653236389160156, 29.278278350830078, 2.3145675659179688, 0.27441978454589844, 28.63144874572754, 52.0, 0, 0.0, 1503.5, 29, 35, 25.802
0.6055831909179688, 29.201984405517578, 2.0487308502197266, 0.22292137145996094, 26.411771774291992, 80.2, 0, 0.0, 1503.5, 26, 35, 27.433
0.6873607635498047, 29.14714813232422, 1.9536018371582031, 0.2372264862060547, 33.91695022583008, 55.1, 0, 0.0, 1503.5, 36, 35, 33.011
0.7174015045166016, 29.143095016479492, 1.9881725311279297, 0.20766258239746094, 25.578022003173828, 77.4, 0, 0.0, 1503.5, 36, 35, 40.168
0.5877017974853516, 29.18100357055664, 2.223491668701172, 0.2598762512207031, 27.251005172729492, 30.2, 0, 0.0, 1503.5, 31, 35, 32.528
0.7829666137695312, 29.118061065673828, 2.31170654296875, 0.2124309539794922, 25.862693786621094, 28.4, 0, 0.0, 1503.5, 31, 35, 26.48
0.6952285766601562, 29.11543846130371, 2.1219253540039062, 0.18930435180664062, 23.593664169311523, 51.1, 0, 0.0, 1503.5, 22, 35, 28.515
0.7450580596923828, 29.11233901977539, 2.0568370819091797, 0.2467632293701172, 32.051801681518555, 100.0, 0, 0.0, 1503.5, 35, 35, 33.089
0.7448196411132812, 29.13665771484375, 2.0074844360351562, 0.19598007202148438, 47.03211784362793, 87.2, 0, 0.0, 1503.5, 35, 35, 41.325
0.7610321044921875, 29.15048599243164, 7.508277893066406, 0.19884109497070312, 44.44551467895508, 89.4, 0, 0.0, 1503.5, 20, 35, 26.383
0.7669925689697266, 29.10447120666504, 7.754325866699219, 0.194549560546875, 43.256282806396484, 89.9, 0, 0.0, 1503.5, 30, 35, 29.74
0.8158683776855469, 29.150962829589844, 7.516622543334961, 0.23865699768066406, 51.29742622375488, 87.3, 0, 0.0, 1503.5, 30, 35, 25.608
0.6997585296630859, 29.297351837158203, 1.560211181640625, 0.209808349609375, 22.848129272460938, 100.0, 0, 0.0, 1503.5, 19, 35, 27.046
0.4894733428955078, 29.20818328857422, 1.4209747314453125, 0.1952648162841797, 23.096084594726562, 86.5, 0, 0.0, 1503.5, 35, 35, 29.934
0.4913806915283203, 29.20675277709961, 1.5552043914794922, 0.1933574676513672, 22.29142189025879, 31.0, 0, 0.0, 1503.5, 35, 35, 32.837
0.4699230194091797, 29.201507568359375, 1.5501976013183594, 0.19359588623046875, 22.648096084594727, 30.7, 0, 0.0, 1503.5, 36, 35, 38.211
0.43511390686035156, 29.201030731201172, 1.603841781616211, 0.18978118896484375, 22.742033004760742, 52.3, 0, 0.0, 1503.5, 36, 35, 41.736
0.4341602325439453, 29.186248779296875, 1.421213150024414, 0.1926422119140625, 21.98195457458496, 89.2, 0, 0.0, 1503.5, 33, 35, 40.168
0.4210472106933594, 29.188156127929688, 1.577138900756836, 0.1976490020751953, 22.19414710998535, 30.7, 0, 0.0, 1503.5, 33, 35, 35.021
0.4343986511230469, 29.17647361755371, 1.5633106231689453, 0.19097328186035156, 22.05824851989746, 30.6, 0, 0.0, 1503.5, 32, 35, 28.289
0.4582405090332031, 29.185056686401367, 1.6446113586425781, 0.19025802612304688, 22.028446197509766, 31.9, 0, 0.0, 1503.5, 32, 35, 25.719
0.3724098205566406, 29.186248779296875, 1.6028881072998047, 0.1976490020751953, 23.97942543029785, 53.5, 0, 0.0, 1503.5, 27, 35, 25.898
0.4482269287109375, 29.201269149780273, 1.4820098876953125, 0.19168853759765625, 22.012948989868164, 88.5, 0, 0.0, 1503.5, 27, 35, 26.092
0.44608116149902344, 29.21915054321289, 1.6298294067382812, 0.19216537475585938, 22.101879119873047, 29.1, 0, 0.0, 1503.5, 33, 35, 26.592
0.36406517028808594, 29.234886169433594, 1.6303062438964844, 0.20837783813476562, 22.019147872924805, 32.2, 0, 0.0, 1503.5, 36, 35, 27.352
0.48804283142089844, 29.168128967285156, 1.680135726928711, 0.2105236053466797, 22.084712982177734, 31.5, 0, 0.0, 1503.5, 36, 35, 29.757
0.4584789276123047, 29.224157333374023, 1.5573501586914062, 0.2384185791015625, 22.316455841064453, 30.6, 0, 0.0, 1503.5, 35, 35, 32.45
0.37026405334472656, 29.218673706054688, 1.5804767608642578, 0.19073486328125, 22.476911544799805, 31.0, 0, 0.0, 1503.5, 35, 35, 34.752
0.43082237243652344, 29.230117797851562, 1.6126632690429688, 0.18978118896484375, 22.217750549316406, 30.6, 0, 0.0, 1503.5, 35, 35, 40.964
0.4138946533203125, 29.194355010986328, 1.5807151794433594, 0.19073486328125, 22.29928970336914, 30.6, 0, 0.0, 1503.5, 35, 35, 40.482
0.4944801330566406, 29.200077056884766, 1.5869140625, 0.19502639770507812, 22.347688674926758, 31.0, 0, 0.0, 1503.5, 33, 35, 38.961
0.42724609375, 29.22677993774414, 1.62506103515625, 0.19502639770507812, 22.40276336669922, 30.2, 0, 0.0, 1503.5, 33, 35, 34.365
0.5030632019042969, 29.22821044921875, 1.5707015991210938, 0.1938343048095703, 22.430896759033203, 31.4, 0, 0.0, 1503.5, 31, 35, 25.622
0.4520416259765625, 29.199838638305664, 1.5735626220703125, 0.19431114196777344, 22.353410720825195, 30.2, 0, 0.0, 1503.5, 31, 35, 25.719
0.4837512969970703, 29.196739196777344, 1.581430435180664, 0.1933574676513672, 22.52936363220215, 30.2, 0, 0.0, 1503.5, 28, 35, 25.816
0.45371055603027344, 29.2050838470459, 1.5795230865478516, 0.1933574676513672, 22.217512130737305, 31.4, 0, 0.0, 1503.5, 28, 35, 26.107
0.45037269592285156, 29.2050838470459, 1.5938282012939453, 0.1983642578125, 23.165464401245117, 52.9, 0, 0.0, 1503.5, 33, 35, 26.48
0.4696846008300781, 29.216527938842773, 1.4219284057617188, 0.19049644470214844, 22.1250057220459, 88.4, 0, 0.0, 1503.5, 35, 35, 27.337
0.45371055603027344, 29.198408126831055, 1.5740394592285156, 0.20170211791992188, 24.21116828918457, 33.7, 0, 0.0, 1503.5, 35, 35, 31.21
0.4153251647949219, 29.18863296508789, 1.596689224243164, 0.17690658569335938, 21.234750747680664, 60.5, 0, 0.0, 1503.5, 35, 35, 32.353
0.4532337188720703, 29.190540313720703, 1.4140605926513672, 0.1952648162841797, 30.57551383972168, 100.0, 0, 0.0, 1503.5, 35, 35, 35.677
0.4134178161621094, 29.218673706054688, 1.4123916625976562, 0.19741058349609375, 24.056434631347656, 86.2, 0, 0.0, 1503.5, 35, 36, 40.771
0.43129920959472656, 29.206275939941406, 1.6012191772460938, 0.19669532775878906, 23.954391479492188, 42.2, 0, 0.0, 1503.5, 35, 36, 36.761
0.40984153747558594, 29.2055606842041, 1.5871524810791016, 0.1919269561767578, 22.275209426879883, 39.3, 0, 0.0, 1503.5, 28, 35, 25.622
0.4341602325439453, 29.214859008789062, 1.7108917236328125, 0.19073486328125, 22.960901260375977, 53.3, 0, 0.0, 1503.5, 28, 35, 25.719
0.4341602325439453, 29.21772003173828, 1.444101333618164, 0.20503997802734375, 21.323442459106445, 100.0, 0, 0.0, 1503.5, 28, 36, 25.898
0.46563148498535156, 29.189348220825195, 1.4090538024902344, 0.17714500427246094, 21.090030670166016, 100.0, 0, 0.0, 1503.5, 28, 36, 26.078
0.461578369140625, 29.179811477661133, 1.4295578002929688, 0.1766681671142578, 20.688772201538086, 100.0, 0, 0.0, 1503.5, 33, 35, 26.368
0.46634674072265625, 29.199838638305664, 1.424551010131836, 0.1773834228515625, 20.80368995666504, 100.0, 0, 0.0, 1503.5, 33, 36, 26.756
0.5335807800292969, 29.230594635009766, 1.4121532440185547, 0.20241737365722656, 20.733118057250977, 100.0, 0, 0.0, 1503.5, 34, 36, 27.337
0.5013942718505859, 29.19149398803711, 1.4195442199707031, 0.17905235290527344, 20.94268798828125, 98.9, 0, 0.0, 1503.5, 34, 36, 30.787
0.4971027374267578, 29.18243408203125, 1.4507770538330078, 0.1823902130126953, 20.86615562438965, 100.0, 0, 0.0, 1503.5, 34, 36, 33.205
0.4706382751464844, 29.182910919189453, 1.4262199401855469, 0.17571449279785156, 40.464162826538086, 99.0, 0, 0.0, 1503.5, 32, 36, 35.387
0.4658699035644531, 29.226303100585938, 7.15947151184082, 0.1780986785888672, 50.9641170501709, 87.5, 0, 0.0, 1503.5, 32, 36, 25.608
0.47397613525390625, 29.17933464050293, 6.877422332763672, 0.1933574676513672, 60.61077117919922, 86.7, 0, 0.0, 1503.5, 19, 36, 26.674
0.476837158203125, 29.187440872192383, 1.3949871063232422, 0.17642974853515625, 20.861387252807617, 100.0, 0, 0.0, 1503.5, 32, 36, 35.967
0.4792213439941406, 29.195785522460938, 1.4278888702392578, 0.17571449279785156, 21.013498306274414, 100.0, 0, 0.0, 1503.5, 32, 36, 34.055
0.44989585876464844, 29.216766357421875, 1.4240741729736328, 0.17714500427246094, 21.89922332763672, 100.0, 0, 0.0, 1503.5, 31, 36, 28.386
0.47016143798828125, 29.164791107177734, 1.3971328735351562, 0.17333030700683594, 40.863037109375, 99.0, 0, 0.0, 1503.5, 31, 36, 25.69
0.4668235778808594, 29.216527938842773, 7.110357284545898, 0.17547607421875, 41.77355766296387, 92.7, 0, 0.0, 1503.5, 23, 36, 27.433
0.4546642303466797, 29.184341430664062, 6.898403167724609, 0.17762184143066406, 58.50815773010254, 86.8, 0, 0.0, 1503.5, 32, 36, 31.947
0.7786750793457031, 29.146194458007812, 7.993221282958984, 0.21386146545410156, 43.581485748291016, 86.1, 0, 0.0, 1503.5, 20, 36, 26.383
0.8118152618408203, 29.152631759643555, 7.692098617553711, 0.2002716064453125, 39.37411308288574, 93.5, 0, 0.0, 1503.5, 20, 36, 28.966
0.7724761962890625, 29.105186462402344, 2.036571502685547, 0.21839141845703125, 22.521257400512695, 100.0, 0, 0.0, 1503.5, 32, 36, 38.528
0.7786750793457031, 29.15477752685547, 2.022981643676758, 0.19979476928710938, 24.309158325195312, 100.0, 0, 0.0, 1503.5, 32, 36, 33.668
0.7607936859130859, 29.11543846130371, 1.9505023956298828, 0.20599365234375, 22.83000946044922, 100.0, 0, 0.0, 1503.5, 27, 36, 25.608
0.7889270782470703, 29.12735939025879, 1.9371509552001953, 0.213623046875, 31.649112701416016, 100.0, 0, 0.0, 1503.5, 27, 36, 25.787
0.7002353668212891, 29.114723205566406, 2.059459686279297, 0.2541542053222656, 23.578643798828125, 100.0, 0, 0.0, 1503.5, 27, 36, 26.659
0.7345676422119141, 29.163837432861328, 2.021312713623047, 0.20813941955566406, 24.43408966064453, 100.0, 0, 0.0, 1503.5, 34, 36, 27.918
0.8032321929931641, 29.219388961791992, 1.7364025115966797, 0.22673606872558594, 22.3391056060791, 100.0, 0, 0.0, 1503.5, 34, 36, 32.431
0.5295276641845703, 29.184818267822266, 1.4090538024902344, 0.1742839813232422, 21.120548248291016, 100.0, 0, 0.0, 1503.5, 34, 36, 36.932
0.4851818084716797, 29.199600219726562, 1.3918876647949219, 0.17786026000976562, 20.749568939208984, 100.0, 0, 0.0, 1503.5, 34, 36, 41.493
0.4734992980957031, 29.19769287109375, 1.4195442199707031, 0.1773834228515625, 20.691871643066406, 100.0, 0, 0.0, 1503.5, 34, 36, 41.493
0.43964385986328125, 29.172182083129883, 1.4061927795410156, 0.17595291137695312, 21.146774291992188, 100.0, 0, 0.0, 1503.5, 34, 36, 40.53
0.45037269592285156, 29.175758361816406, 1.4142990112304688, 0.19216537475585938, 29.73031997680664, 100.0, 0, 0.0, 1503.5, 34, 36, 40.94
0.47206878662109375, 29.19912338256836, 1.287221908569336, 0.19216537475585938, 29.73031997680664, 100.0, 0, 0.0, 1503.5, 34, 36, 34.345
0.42891502380371094, 29.216766357421875, 1.4107227325439453, 0.19216537475585938, 29.73031997680664, 23.9, 0, 0.0, 1503.5, 31, 36, 41.35
0.47659873962402344, 29.198169708251953, 1.5387535095214844, 0.19216537475585938, 29.73031997680664, 15.6, 0, 0.0, 1503.5, 31, 36, 29.854
0.35643577575683594, 29.198646545410156, 1.4836788177490234, 0.19216537475585938, 29.73031997680664, 18.5, 0, 0.0, 1503.5, 31, 36, 29.854
0.4818439483642578, 29.19769287109375, 1.4393329620361328, 0.19216537475585938, 29.73031997680664, 16.9, 0, 0.0, 1503.5, 30, 36, 26.674
0.41484832763671875, 29.19459342956543, 1.5881061553955078, 0.202178955078125, 22.192716598510742, 42.2, 0, 0.0, 1503.5, 30, 36, 27.158
0.5128383636474609, 29.203176498413086, 1.4064311981201172, 0.19884109497070312, 29.433250427246094, 100.0, 0, 0.0, 1503.5, 39, 36, 25.705
0.47135353088378906, 29.163122177124023, 1.4202594757080078, 0.18215179443359375, 21.103620529174805, 100.0, 0, 0.0, 1503.5, 39, 36, 25.884
0.5419254302978516, 29.201984405517578, 1.3515949249267578, 0.18215179443359375, 21.103620529174805, 100.0, 0, 0.0, 1503.5, 26, 36, 25.884
0.4715919494628906, 29.215574264526367, 1.4233589172363281, 0.18215179443359375, 21.103620529174805, 20.9, 0, 0.0, 1503.5, 26, 36, 26.286
0.4551410675048828, 29.241323471069336, 1.4836788177490234, 0.18215179443359375, 21.103620529174805, 15.6, 0, 0.0, 1503.5, 44, 36, 35.063
0.49614906311035156, 28.8846492767334, 0.9799003601074219, 0.18215179443359375, 21.103620529174805, 13.4, 0, 0.0, 1503.5, 44, 36, 41.325
0.3788471221923828, 28.63907814025879, 1.6703605651855469, 0.20456314086914062, 23.009061813354492, 42.7, 0, 0.0, 1503.5, 31, 36, 30.338
0.49686431884765625, 28.589248657226562, 1.4369487762451172, 0.17833709716796875, 21.05998992919922, 100.0, 0, 0.0, 1503.5, 31, 36, 35.001
0.45490264892578125, 28.59020233154297, 1.4331340789794922, 0.18858909606933594, 20.865678787231445, 100.0, 0, 0.0, 1503.5, 33, 36, 38.648
0.4718303680419922, 28.584003448486328, 1.4073848724365234, 0.19478797912597656, 21.20828628540039, 100.0, 0, 0.0, 1503.5, 33, 36, 41.736
0.4248619079589844, 28.555870056152344, 1.4102458953857422, 0.18930435180664062, 29.54411506652832, 100.0, 0, 0.0, 1503.5, 33, 36, 41.229
0.4127025604248047, 28.5952091217041, 1.3916492462158203, 0.17642974853515625, 20.96414566040039, 100.0, 0, 0.0, 1503.5, 33, 36, 39.13
0.5469322204589844, 28.63144874572754, 1.3840198516845703, 0.1785755157470703, 21.1639404296875, 100.0, 0, 0.0, 1503.5, 32, 36, 37.876
0.45418739318847656, 28.574228286743164, 1.4085769653320312, 0.1761913299560547, 20.862817764282227, 100.0, 0, 0.0, 1503.5, 32, 36, 34.228
0.45108795166015625, 28.564929962158203, 1.2598037719726562, 0.1761913299560547, 20.862817764282227, 100.0, 0, 0.0, 1503.5, 32, 36, 33.552
0.3581047058105469, 28.573989868164062, 1.5454292297363281, 0.1919269561767578, 21.562576293945312, 54.0, 0, 0.0, 1503.5, 32, 36, 41.35
0.5290508270263672, 28.57041358947754, 1.41143798828125, 0.19598007202148438, 21.329164505004883, 98.9, 0, 0.0, 1503.5, 32, 36, 38.551
0.5259513854980469, 28.5794734954834, 1.394510269165039, 0.17833709716796875, 21.088361740112305, 100.0, 0, 0.0, 1503.5, 32, 36, 35.291
0.47516822814941406, 28.561830520629883, 1.5857219696044922, 0.19478797912597656, 21.439313888549805, 100.0, 0, 0.0, 1503.5, 32, 36, 33.572
0.47397613525390625, 28.570175170898438, 1.379251480102539, 0.17714500427246094, 21.101951599121094, 100.0, 0, 0.0, 1503.5, 32, 36, 31.271
0.4601478576660156, 28.578758239746094, 1.4383792877197266, 0.17547607421875, 20.977020263671875, 100.0, 0, 0.0, 1503.5, 32, 36, 30.594
0.4794597625732422, 28.570890426635742, 1.3813972473144531, 0.17595291137695312, 21.296977996826172, 100.0, 0, 0.0, 1503.5, 32, 36, 28.289
0.44989585876464844, 28.68056297302246, 1.4345645904541016, 0.17571449279785156, 21.075725555419922, 100.0, 0, 0.0, 1503.5, 32, 36, 26.949
0.4715919494628906, 29.20222282409668, 1.3878345489501953, 0.1914501190185547, 21.29817008972168, 100.0, 0, 0.0, 1503.5, 32, 36, 25.594
0.4494190216064453, 29.21605110168457, 1.4238357543945312, 0.20432472229003906, 30.138492584228516, 100.0, 0, 0.0, 1503.5, 32, 36, 25.608
0.47397613525390625, 29.202699661254883, 1.4200210571289062, 0.21195411682128906, 22.43185043334961, 87.5, 0, 0.0, 1503.5, 32, 36, 25.898
0.45800209045410156, 29.207944869995117, 1.5707015991210938, 0.1971721649169922, 22.31907844543457, 32.1, 0, 0.0, 1503.5, 27, 36, 26.107
0.39124488830566406, 29.18720245361328, 1.5592575073242188, 0.2067089080810547, 22.46403694152832, 31.0, 0, 0.0, 1503.5, 27, 36, 26.495
0.5176067352294922, 29.185771942138672, 1.634359359741211, 0.23746490478515625, 22.322416305541992, 30.5, 0, 0.0, 1503.5, 35, 36, 26.867
0.45371055603027344, 29.177427291870117, 21.90685272216797, 0.2589225769042969, 22.83000946044922, 34.0, 0, 0.0, 1503.5, 35, 36, 28.03
0.499725341796875, 29.224872589111328, 1.6181468963623047, 0.20599365234375, 23.19622039794922, 31.3, 0, 0.0, 1503.5, 35, 36, 34.558
0.44989585876464844, 29.230356216430664, 1.6489028930664062, 0.2033710479736328, 23.12612533569336, 31.0, 0, 0.0, 1503.5, 35, 36, 40.747
0.5025863647460938, 29.193639755249023, 1.5604496002197266, 0.1971721649169922, 22.989749908447266, 33.3, 0, 0.0, 1503.5, 35, 37, 41.061
0.42748451232910156, 29.19316291809082, 1.5528202056884766, 0.19598007202148438, 22.996902465820312, 31.0, 0, 0.0, 1503.5, 34, 36, 40.192
0.4405975341796875, 29.185771942138672, 1.6374588012695312, 0.194549560546875, 22.507429122924805, 31.6, 0, 0.0, 1503.5, 34, 37, 31.597
0.4401206970214844, 29.19769287109375, 1.5716552734375, 0.19407272338867188, 22.93848991394043, 33.7, 0, 0.0, 1503.5, 29, 37, 25.622
0.4360675811767578, 29.187679290771484, 1.5630722045898438, 0.1926422119140625, 23.14281463623047, 31.0, 0, 0.0, 1503.5, 29, 37, 25.622
0.4374980926513672, 29.159069061279297, 1.5497207641601562, 0.19049644470214844, 22.550344467163086, 32.6, 0, 0.0, 1503.5, 30, 37, 25.719
0.4684925079345703, 29.209613800048828, 1.6407966613769531, 0.1926422119140625, 22.628068923950195, 31.0, 0, 0.0, 1503.5, 30, 36, 25.802
0.4773139953613281, 29.222965240478516, 1.5540122985839844, 0.20647048950195312, 22.894620895385742, 31.0, 0, 0.0, 1503.5, 31, 36, 25.913
0.4420280456542969, 29.178857803344727, 1.5592575073242188, 0.19240379333496094, 23.01311492919922, 31.3, 0, 0.0, 1503.5, 31, 36, 26.204
0.45752525329589844, 29.22844886779785, 1.5320777893066406, 0.19049644470214844, 22.68385887145996, 30.6, 0, 0.0, 1503.5, 36, 36, 26.592
0.4069805145263672, 29.201507568359375, 1.6622543334960938, 0.20551681518554688, 22.639989852905273, 32.1, 0, 0.0, 1503.5, 36, 37, 26.964
0.43845176696777344, 29.21605110168457, 1.531362533569336, 0.19502639770507812, 22.730588912963867, 31.3, 0, 0.0, 1503.5, 36, 37, 27.449
0.4382133483886719, 29.202699661254883, 1.5363693237304688, 0.24652481079101562, 22.586584091186523, 32.9, 0, 0.0, 1503.5, 36, 37, 28.127
0.3814697265625, 29.212474822998047, 1.6460418701171875, 0.19240379333496094, 22.572040557861328, 31.3, 0, 0.0, 1503.5, 36, 37, 28.902
0.4305839538574219, 29.164791107177734, 1.5876293182373047, 0.19311904907226562, 22.574424743652344, 30.1, 0, 0.0, 1503.5, 35, 37, 30.338
0.4253387451171875, 29.21128273010254, 1.5647411346435547, 0.18906593322753906, 22.620201110839844, 32.5, 0, 0.0, 1503.5, 35, 37, 31.579
0.42319297790527344, 29.202699661254883, 1.6083717346191406, 0.194549560546875, 22.57561683654785, 31.3, 0, 0.0, 1503.5, 35, 37, 33.224
0.43487548828125, 29.219865798950195, 1.5685558319091797, 0.18858909606933594, 22.686243057250977, 30.1, 0, 0.0, 1503.5, 35, 37, 34.172
0.40793418884277344, 29.18386459350586, 1.5490055084228516, 0.18978118896484375, 22.754192352294922, 31.3, 0, 0.0, 1503.5, 36, 37, 35.698
0.45990943908691406, 29.18267250061035, 1.5647411346435547, 0.19240379333496094, 22.738218307495117, 32.6, 0, 0.0, 1503.5, 36, 37, 41.182
0.43773651123046875, 29.193639755249023, 1.5497207641601562, 0.1895427703857422, 22.496461868286133, 30.7, 0, 0.0, 1503.5, 33, 37, 40.192
0.4210472106933594, 29.240846633911133, 1.5769004821777344, 0.2186298370361328, 22.667884826660156, 31.3, 0, 0.0, 1503.5, 33, 37, 39.154
0.4208087921142578, 29.190540313720703, 1.5664100646972656, 0.1938343048095703, 22.849321365356445, 31.0, 0, 0.0, 1503.5, 34, 37, 35.118
0.4298686981201172, 29.176712036132812, 1.5501976013183594, 0.1900196075439453, 22.809267044067383, 30.5, 0, 0.0, 1503.5, 34, 37, 33.708
0.4439353942871094, 29.1900634765625, 1.5869140625, 0.19240379333496094, 22.70030975341797, 31.3, 0, 0.0, 1503.5, 32, 37, 29.176
0.4322528839111328, 29.18720245361328, 1.5568733215332031, 0.1933574676513672, 22.93252944946289, 32.1, 0, 0.0, 1503.5, 32, 37, 25.622
0.4258155822753906, 29.205322265625, 1.5697479248046875, 0.19168853759765625, 22.789478302001953, 32.9, 0, 0.0, 1503.5, 32, 37, 25.622
0.45180320739746094, 29.183387756347656, 1.6207695007324219, 0.22220611572265625, 22.609233856201172, 33.3, 0, 0.0, 1503.5, 32, 37, 25.719
0.42438507080078125, 29.180526733398438, 1.5532970428466797, 0.19216537475585938, 23.023605346679688, 31.0, 0, 0.0, 1503.5, 32, 37, 25.816
0.461578369140625, 29.18863296508789, 1.5742778778076172, 0.1888275146484375, 23.015499114990234, 29.6, 0, 0.0, 1503.5, 32, 37, 25.913
0.4382133483886719, 29.205322265625, 1.5668869018554688, 0.19025802612304688, 22.748231887817383, 31.3, 0, 0.0, 1503.5, 32, 37, 25.913
0.4544258117675781, 29.21891212463379, 1.6050338745117188, 0.2224445343017578, 22.904634475708008, 30.5, 0, 0.0, 1503.5, 32, 37, 26.01
0.4374980926513672, 29.1898250579834, 1.5642642974853516, 0.19311904907226562, 23.259878158569336, 31.3, 0, 0.0, 1503.5, 35, 37, 26.204
0.4715919494628906, 29.320478439331055, 1.6672611236572266, 0.19407272338867188, 23.482799530029297, 29.9, 0, 0.0, 1503.5, 35, 37, 26.98
0.45680999755859375, 29.175758361816406, 1.5649795532226562, 0.19073486328125, 23.296594619750977, 31.0, 0, 0.0, 1503.5, 35, 37, 27.836
0.4489421844482422, 29.195070266723633, 1.5342235565185547, 0.1888275146484375, 22.72629737854004, 30.9, 0, 0.0, 1503.5, 35, 37, 28.886
0.45871734619140625, 29.174089431762695, 1.6579627990722656, 0.19073486328125, 22.87149429321289, 31.4, 0, 0.0, 1503.5, 35, 37, 30.726
0.4315376281738281, 29.19292449951172, 1.5621185302734375, 0.19073486328125, 23.012161254882812, 31.3, 0, 0.0, 1503.5, 36, 37, 31.869
0.44465065002441406, 29.160261154174805, 1.5451908111572266, 0.1881122589111328, 22.832870483398438, 30.5, 0, 0.0, 1503.5, 36, 37, 33.301
0.42557716369628906, 29.21605110168457, 1.5752315521240234, 0.19240379333496094, 22.765636444091797, 32.1, 0, 0.0, 1503.5, 36, 37, 34.075
0.46896934509277344, 29.183387756347656, 1.569986343383789, 0.1914501190185547, 23.008346557617188, 30.5, 0, 0.0, 1503.5, 36, 37, 35.622
0.4413127899169922, 29.196739196777344, 1.5499591827392578, 0.19121170043945312, 23.311376571655273, 32.6, 0, 0.0, 1503.5, 35, 37, 41.833
0.48732757568359375, 29.21891212463379, 1.5766620635986328, 0.19693374633789062, 22.975921630859375, 31.8, 0, 0.0, 1503.5, 35, 37, 40.989
0.4475116729736328, 29.230833053588867, 1.5511512756347656, 0.1957416534423828, 23.03147315979004, 31.3, 0, 0.0, 1503.5, 34, 37, 40.795
0.4489421844482422, 29.179096221923828, 1.5761852264404297, 0.1888275146484375, 22.939443588256836, 30.5, 0, 0.0, 1503.5, 34, 37, 39.057
0.4105567932128906, 29.1597843170166, 1.5649795532226562, 0.18978118896484375, 22.92013168334961, 31.3, 0, 0.0, 1503.5, 34, 37, 36.761
0.45990943908691406, 29.21915054321289, 1.6045570373535156, 0.23508071899414062, 22.91393280029297, 31.3, 0, 0.0, 1503.5, 34, 37, 34.558
0.46563148498535156, 29.19316291809082, 1.535177230834961, 0.20432472229003906, 22.95064926147461, 32.9, 0, 0.0, 1503.5, 33, 37, 31.482
0.446319580078125, 29.193878173828125, 1.5933513641357422, 0.20051002502441406, 23.17667007446289, 33.3, 0, 0.0, 1503.5, 33, 37, 25.719
0.4780292510986328, 29.204130172729492, 1.5940666198730469, 0.1933574676513672, 23.01955223083496, 31.0, 0, 0.0, 1503.5, 31, 37, 25.719
0.4749298095703125, 29.21891212463379, 1.5647411346435547, 0.19288063049316406, 22.83930778503418, 30.7, 0, 0.0, 1503.5, 31, 37, 25.816
0.4878044128417969, 29.204130172729492, 1.5590190887451172, 0.2048015594482422, 23.06389808654785, 31.3, 0, 0.0, 1503.5, 29, 37, 25.913
0.3662109375, 29.201745986938477, 1.5728473663330078, 0.20813941955566406, 23.178815841674805, 33.7, 0, 0.0, 1503.5, 29, 37, 26.107
0.44155120849609375, 29.193878173828125, 1.5490055084228516, 0.19311904907226562, 22.820472717285156, 33.7, 0, 0.0, 1503.5, 35, 37, 26.204
0.46133995056152344, 29.207468032836914, 1.6040802001953125, 0.20766258239746094, 22.766590118408203, 31.0, 0, 0.0, 1503.5, 35, 37, 26.674
0.4405975341796875, 29.18243408203125, 1.554727554321289, 0.19407272338867188, 23.20241928100586, 32.9, 0, 0.0, 1503.5, 36, 37, 27.255
0.3905296325683594, 29.186010360717773, 1.5690326690673828, 0.18906593322753906, 22.73869514465332, 32.9, 0, 0.0, 1503.5, 35, 37, 27.74
0.4487037658691406, 29.206514358520508, 1.5895366668701172, 0.19407272338867188, 22.672176361083984, 32.1, 0, 0.0, 1503.5, 35, 37, 28.321
0.4436969757080078, 29.213666915893555, 1.6245841979980469, 0.1976490020751953, 23.126602172851562, 33.7, 0, 0.0, 1503.5, 36, 37, 29.273
0.46706199645996094, 29.21271324157715, 1.5568733215332031, 0.1900196075439453, 23.064136505126953, 30.1, 0, 0.0, 1503.5, 36, 37, 31.307
0.4775524139404297, 29.198646545410156, 1.550912857055664, 0.21028518676757812, 22.989988327026367, 32.9, 0, 0.0, 1503.5, 36, 37, 32.643
0.4706382751464844, 29.19745445251465, 1.6376972198486328, 0.1933574676513672, 22.872209548950195, 32.9, 0, 0.0, 1503.5, 36, 37, 34.172
0.42748451232910156, 29.1898250579834, 1.5833377838134766, 0.20051002502441406, 22.668838500976562, 30.1, 0, 0.0, 1503.5, 36, 37, 35.912
0.4410743713378906, 29.190778732299805, 1.6281604766845703, 0.19097328186035156, 22.87912368774414, 33.7, 0, 0.0, 1503.5, 36, 37, 42.193
0.43129920959472656, 29.170989990234375, 1.5592575073242188, 0.19431114196777344, 23.16117286682129, 31.0, 0, 0.0, 1503.5, 34, 37, 41.182
0.43463706970214844, 29.21748161315918, 1.5499591827392578, 0.19025802612304688, 23.20718765258789, 30.7, 0, 0.0, 1503.5, 34, 37, 37.244
0.4963874816894531, 29.186248779296875, 1.5497207641601562, 0.20170211791992188, 23.232460021972656, 31.0, 0, 0.0, 1503.5, 32, 37, 33.321
0.41103363037109375, 29.196977615356445, 1.5697479248046875, 0.19407272338867188, 23.011445999145508, 33.7, 0, 0.0, 1503.5, 32, 37, 28.708
0.4374980926513672, 29.17790412902832, 1.5816688537597656, 0.20051002502441406, 22.806882858276367, 31.0, 0, 0.0, 1503.5, 31, 37, 25.719
0.45037269592285156, 29.21295166015625, 1.5501976013183594, 0.1926422119140625, 22.820472717285156, 30.5, 0, 0.0, 1503.5, 31, 37, 25.719
0.4372596740722656, 29.196739196777344, 1.5668869018554688, 0.19121170043945312, 23.404836654663086, 30.6, 0, 0.0, 1503.5, 30, 37, 25.913
0.457763671875, 29.215574264526367, 1.562356948852539, 0.19216537475585938, 22.933244705200195, 31.3, 0, 0.0, 1503.5, 30, 37, 25.913
0.4761219024658203, 29.26468849182129, 1.6138553619384766, 0.20694732666015625, 23.046493530273438, 31.0, 0, 0.0, 1503.5, 33, 37, 26.301
0.49591064453125, 29.22534942626953, 1.6279220581054688, 0.1919269561767578, 22.955656051635742, 31.0, 0, 0.0, 1503.5, 33, 37, 26.867
0.423431396484375, 29.211044311523438, 1.5473365783691406, 0.18858909606933594, 23.067712783813477, 30.6, 0, 0.0, 1503.5, 35, 37, 27.74
0.45180320739746094, 29.219388961791992, 1.5625953674316406, 0.19168853759765625, 23.02718162536621, 32.1, 0, 0.0, 1503.5, 36, 37, 28.708
0.44918060302734375, 29.21271324157715, 1.567840576171875, 0.213623046875, 23.48494529724121, 31.8, 0, 0.0, 1503.5, 36, 37, 30.822
0.4787445068359375, 29.207706451416016, 1.562356948852539, 0.18930435180664062, 23.099184036254883, 30.1, 0, 0.0, 1503.5, 36, 37, 33.805
0.4634857177734375, 29.192209243774414, 1.5299320220947266, 0.19359588623046875, 22.894859313964844, 33.3, 0, 0.0, 1503.5, 36, 37, 35.332
0.47206878662109375, 29.221534729003906, 1.5666484832763672, 0.19240379333496094, 23.11420440673828, 30.2, 0, 0.0, 1503.5, 34, 37, 41.447
0.4947185516357422, 29.228925704956055, 1.6202926635742188, 0.19598007202148438, 23.436546325683594, 29.2, 0, 0.0, 1503.5, 34, 37, 25.525
0.4360675811767578, 29.187917709350586, 1.5590190887451172, 0.19097328186035156, 22.91107177734375, 30.1, 0, 0.0, 1503.5, 24, 37, 25.816
0.45037269592285156, 29.178857803344727, 1.5723705291748047, 0.19741058349609375, 23.064613342285156, 33.3, 0, 0.0, 1503.5, 24, 37, 26.01
0.45800209045410156, 29.218673706054688, 1.5900135040283203, 0.19288063049316406, 22.731304168701172, 33.3, 0, 0.0, 1503.5, 31, 37, 26.01
0.43654441833496094, 29.16097640991211, 1.5914440155029297, 0.19168853759765625, 23.093700408935547, 30.5, 0, 0.0, 1503.5, 31, 37, 26.301
0.4475116729736328, 29.224872589111328, 1.5761852264404297, 0.19121170043945312, 23.118019104003906, 30.2, 0, 0.0, 1503.5, 36, 37, 26.964
0.42319297790527344, 29.1900634765625, 1.6238689422607422, 0.20575523376464844, 22.922515869140625, 33.3, 0, 0.0, 1503.5, 35, 37, 27.643
0.4680156707763672, 29.2203426361084, 1.573324203491211, 0.19073486328125, 23.231983184814453, 31.0, 0, 0.0, 1503.5, 35, 37, 28.612
0.431060791015625, 29.23440933227539, 1.5659332275390625, 0.1938343048095703, 23.091793060302734, 31.0, 0, 0.0, 1503.5, 36, 37, 30.048
0.44274330139160156, 29.212236404418945, 1.626729965209961, 0.19478797912597656, 23.145675659179688, 31.8, 0, 0.0, 1503.5, 36, 37, 31.482
0.4448890686035156, 29.24799919128418, 1.5666484832763672, 0.19860267639160156, 23.40412139892578, 31.0, 0, 0.0, 1503.5, 36, 37, 33.785
0.5083084106445312, 29.20055389404297, 1.6601085662841797, 0.1926422119140625, 23.09274673461914, 31.0, 0, 0.0, 1503.5, 36, 38, 36.084
0.48041343688964844, 29.28924560546875, 1.6129016876220703, 0.2639293670654297, 23.26035499572754, 32.2, 0, 0.0, 1503.5, 34, 38, 40.771
0.47397613525390625, 29.183149337768555, 1.561880111694336, 0.19025802612304688, 23.17190170288086, 31.0, 0, 0.0, 1503.5, 34, 37, 40.192
0.42700767517089844, 29.198884963989258, 1.5442371368408203, 0.19741058349609375, 22.951364517211914, 32.6, 0, 0.0, 1503.5, 34, 38, 37.437
0.40793418884277344, 29.237031936645508, 1.5263557434082031, 0.2040863037109375, 22.837400436401367, 31.8, 0, 0.0, 1503.5, 34, 38, 33.417
0.5319118499755859, 29.216289520263672, 1.5826225280761719, 0.22864341735839844, 23.5593318939209, 31.4, 0, 0.0, 1503.5, 31, 38, 26.383
0.4951953887939453, 29.2055606842041, 1.6074180603027344, 0.23746490478515625, 23.748159408569336, 31.8, 0, 0.0, 1503.5, 31, 38, 25.816
0.5052089691162109, 29.19173240661621, 1.5900135040283203, 0.1983642578125, 23.447036743164062, 29.8, 0, 0.0, 1503.5, 28, 38, 25.913
0.48041343688964844, 29.217243194580078, 1.6164779663085938, 0.1976490020751953, 23.41938018798828, 34.1, 0, 0.0, 1503.5, 28, 38, 26.107
0.47659873962402344, 29.20675277709961, 1.5597343444824219, 0.19311904907226562, 23.45561981201172, 30.1, 0, 0.0, 1503.5, 33, 38, 26.383
0.4687309265136719, 29.218435287475586, 1.5552043914794922, 0.1926422119140625, 23.026704788208008, 31.4, 0, 0.0, 1503.5, 33, 38, 26.964
0.45490264892578125, 29.181718826293945, 1.6186237335205078, 0.2002716064453125, 22.805213928222656, 32.6, 0, 0.0, 1503.5, 36, 38, 27.836
0.45800209045410156, 29.270410537719727, 1.5513896942138672, 0.22029876708984375, 23.154497146606445, 30.1, 0, 0.0, 1503.5, 36, 38, 29.273
0.4756450653076172, 29.21319007873535, 1.5938282012939453, 0.27871131896972656, 23.12636375427246, 33.7, 0, 0.0, 1503.5, 36, 38, 31.482
0.4458427429199219, 29.190540313720703, 1.5859603881835938, 0.19049644470214844, 23.176193237304688, 30.1, 0, 0.0, 1503.5, 36, 38, 33.417
0.4012584686279297, 29.205799102783203, 1.5947818756103516, 0.21886825561523438, 23.328065872192383, 33.7, 0, 0.0, 1503.5, 36, 38, 35.816
0.46753883361816406, 29.192447662353516, 1.6226768493652344, 0.19860267639160156, 23.047924041748047, 32.6, 0, 0.0, 1503.5, 34, 38, 41.64
0.4546642303466797, 29.223918914794922, 1.5709400177001953, 0.1983642578125, 22.86529541015625, 31.3, 0, 0.0, 1503.5, 34, 38, 40.482
0.4467964172363281, 29.192686080932617, 1.7066001892089844, 0.2009868621826172, 22.762537002563477, 32.6, 0, 0.0, 1503.5, 34, 38, 39.347
0.4477500915527344, 29.20842170715332, 1.5375614166259766, 0.18978118896484375, 22.757768630981445, 31.9, 0, 0.0, 1503.5, 34, 38, 31.676
0.5044937133789062, 29.282331466674805, 1.7685890197753906, 0.24366378784179688, 22.95064926147461, 33.7, 0, 0.0, 1503.5, 29, 38, 25.719
0.4515647888183594, 29.189109802246094, 1.6148090362548828, 0.19931793212890625, 23.075580596923828, 31.3, 0, 0.0, 1503.5, 29, 38, 25.816
0.4413127899169922, 29.191255569458008, 1.6295909881591797, 0.20194053649902344, 22.956132888793945, 32.6, 0, 0.0, 1503.5, 30, 38, 26.01
0.47898292541503906, 29.17647361755371, 1.569986343383789, 0.20885467529296875, 23.09393882751465, 32.2, 0, 0.0, 1503.5, 30, 38, 26.107
0.3657341003417969, 29.190778732299805, 1.5780925750732422, 0.19025802612304688, 22.972822189331055, 30.1, 0, 0.0, 1503.5, 34, 38, 26.398
0.5044937133789062, 29.19912338256836, 1.5943050384521484, 0.1964569091796875, 23.203611373901367, 31.0, 0, 0.0, 1503.5, 36, 38, 27.061
0.484466552734375, 29.331684112548828, 1.7011165618896484, 0.2110004425048828, 24.448871612548828, 32.8, 0, 0.0, 1503.5, 18, 38, 25.622
